<?xml version="1.0" encoding="UTF-8"?>
<project-private xmlns="http://www.netbeans.org/ns/project-private/1">
    <editor-bookmarks xmlns="http://www.netbeans.org/ns/editor-bookmarks/2" lastBookmarkId="0"/>
    <open-files xmlns="http://www.netbeans.org/ns/projectui-open-files/2">
        <group>
            <file>file:/C:/Users/usrlab09/Desktop/linguagem2/src/BaseDados/DAOs/ProdutoDAO.java</file>
            <file>file:/C:/Users/usrlab09/Desktop/linguagem2/src/Entidades/Parametros.java</file>
            <file>file:/C:/Users/usrlab09/Desktop/linguagem2/src/BaseDados/ConnectionFactory.java</file>
            <file>file:/C:/Users/usrlab09/Desktop/linguagem2/src/Shared/ReadXMLFile.java</file>
            <file>file:/C:/Users/usrlab09/Desktop/linguagem2/src/EstoqueApp/GUIProduto.java</file>
            <file>file:/C:/Users/usrlab09/Desktop/linguagem2/src/BaseDados/DAOs/PessoaDAO.java</file>
        </group>
    </open-files>
</project-private>
